domain,sector,tier
111.nhs.uk,health,
123-reg.co.uk,telco_utilities,
49s.co.uk,betting_gaming,
acas.org.uk,pa,central
accountingweb.co.uk,news,
activityvillage.co.uk,publishing_education,
admiral.com,banking_insurance,
admiralcasino.co.uk,betting_gaming,
advance-he.ac.uk,publishing_education,
affinitywater.co.uk,telco_utilities,
airbnb.co.uk,travel_tourism,
ajbell.co.uk,banking_insurance,
aldi.co.uk,ecommerce,
allianz.co.uk,banking_insurance,
altontowers.com,travel_tourism,
alzheimers.org.uk,health,
amazon.co.uk,ecommerce,
anglianwater.co.uk,telco_utilities,
ao.com,ecommerce,
aol.co.uk,media_lifestyle,
aqa.org.uk,publishing_education,
architectsjournal.co.uk,news,
argos.co.uk,ecommerce,
artscouncil.org.uk,pa,central
asa.org.uk,pa,central
asda.com,ecommerce,
auctionhouse.co.uk,real_estate,
autocar.co.uk,news,
autoexpress.co.uk,news,
autotrader.co.uk,ecommerce,
avantiwestcoast.co.uk,travel_tourism,
aviva.co.uk,banking_insurance,
axa.co.uk,banking_insurance,
backmarket.co.uk,ecommerce,
bacp.co.uk,health,
bailii.org,publishing_education,
ballycasino.co.uk,betting_gaming,
bankofengland.co.uk,pa,central
bankofscotland.co.uk,banking_insurance,
barclaycard.co.uk,banking_insurance,
barclays.co.uk,banking_insurance,
barratthomes.co.uk,real_estate,
bas.ac.uk,pa,central
bbc.co.uk,news,
bbcgoodfood.com,media_lifestyle,
bbfc.co.uk,pa,central
bdaily.co.uk,news,
belfastcity.gov.uk,pa,local
belfasttelegraph.co.uk,news,
bellway.co.uk,real_estate,
berkeleygroup.co.uk,real_estate,
betano.co.uk,betting_gaming,
betfred.com,betting_gaming,
betgoodwin.co.uk,betting_gaming,
betmgm.co.uk,betting_gaming,
betuk.com,betting_gaming,
betvictor.com,betting_gaming,
betway.co.uk,betting_gaming,
bfi.org.uk,media_lifestyle,
bgs.ac.uk,pa,central
bhf.org.uk,health,
birmingham.ac.uk,publishing_education,
birmingham.gov.uk,pa,local
birminghamairport.co.uk,travel_tourism,
birminghammail.co.uk,news,
bl.uk,publishing_education,
blog.gov.uk,pa,central
blood.co.uk,health,
bma.org.uk,health,
bmstores.co.uk,ecommerce,
boltpharmacy.co.uk,health,
bonnierbooks.co.uk,publishing_education,
boohoo.com,ecommerce,
booktrust.org.uk,publishing_education,
boots.com,ecommerce,
bps.org.uk,health,
bristol.ac.uk,publishing_education,
bristol.gov.uk,pa,local
bristoluniversitypress.co.uk,publishing_education,
british-business-bank.co.uk,pa,central
british-history.ac.uk,publishing_education,
britishgas.co.uk,telco_utilities,
britishmuseum.org,travel_tourism,
broadbandchoices.co.uk,telco_utilities,
bt.com,telco_utilities,
building.co.uk,news,
bupa.co.uk,health,
business.gov.uk,pa,central
butlins.com,travel_tourism,
buzzbingo.com,betting_gaming,
bylinetimes.com,news,
caa.co.uk,pa,central
cadentgas.com,telco_utilities,
calmac.co.uk,travel_tourism,
cam.ac.uk,publishing_education,
cambridgeassessment.org.uk,publishing_education,
cambridgeindependent.co.uk,news,
campaignlive.co.uk,news,
campingandcaravanningclub.co.uk,travel_tourism,
cancerresearchuk.org,health,
canongate.co.uk,publishing_education,
capitalfm.com,media_lifestyle,
capitalone.co.uk,banking_insurance,
cardiff.ac.uk,publishing_education,
cardiff.gov.uk,pa,local
carmagazine.co.uk,news,
carwow.co.uk,ecommerce,
caughtoffside.com,news,
ceh.ac.uk,pa,central
centerparcs.co.uk,travel_tourism,
channel4.com,media_lifestyle,
channel5.com,media_lifestyle,
chase.co.uk,banking_insurance,
checkatrade.com,real_estate,
chemguide.co.uk,publishing_education,
chemist-4-u.com,health,
chestertons.co.uk,real_estate,
chesterzoo.org,travel_tourism,
childrenscommissioner.gov.uk,pa,central
chroniclelive.co.uk,news,
churchill.com,banking_insurance,
cineworld.co.uk,media_lifestyle,
circlehealthgroup.co.uk,health,
citizensadvice.org.uk,pa,central
cityam.com,news,
clarionhg.com,real_estate,
clashmusic.com,media_lifestyle,
classicfm.com,media_lifestyle,
classroomsecrets.co.uk,publishing_education,
clearscore.com,banking_insurance,
co-operativebank.co.uk,banking_insurance,
collins.co.uk,publishing_education,
communityfibre.co.uk,telco_utilities,
comparethemarket.com,banking_insurance,
computerweekly.com,news,
computing.co.uk,news,
confused.com,banking_insurance,
connells.co.uk,real_estate,
conservativehome.com,news,
constructionnews.co.uk,news,
coop.co.uk,ecommerce,
coral.co.uk,betting_gaming,
corbettmaths.com,publishing_education,
core.ac.uk,publishing_education,
cornwall.gov.uk,pa,local
costco.co.uk,ecommerce,
coventrybuildingsociety.co.uk,banking_insurance,
cps.gov.uk,pa,central
cqc.org.uk,pa,central
creditkarma.co.uk,banking_insurance,
cuh.nhs.uk,health,
cultbeauty.co.uk,ecommerce,
currys.co.uk,ecommerce,
cyclingweekly.com,news,
daera-ni.gov.uk,pa,regional
dailymail.co.uk,news,
dailyrecord.co.uk,news,
dailystar.co.uk,news,
data.gov.uk,pa,central
decathlon.co.uk,ecommerce,
deliciousmagazine.co.uk,media_lifestyle,
deliveroo.co.uk,ecommerce,
developmentbank.wales,pa,regional
diabetes.org.uk,health,
diamond.ac.uk,pa,central
digital.nhs.uk,health,
digitalspy.com,media_lifestyle,
directferries.co.uk,travel_tourism,
directline.com,banking_insurance,
discovernorthernireland.com,travel_tourism,
diy.com,ecommerce,
dpd.co.uk,telco_utilities,
dunelm.com,ecommerce,
dur.ac.uk,publishing_education,
dwrcymru.com,telco_utilities,
ebay.co.uk,ecommerce,
ed.ac.uk,publishing_education,
edfenergy.com,telco_utilities,
edinburgh.gov.uk,pa,local
edinburghairport.com,travel_tourism,
edp24.co.uk,news,
educationendowmentfoundation.org.uk,publishing_education,
ee.co.uk,telco_utilities,
electoralcommission.org.uk,pa,central
empireonline.com,media_lifestyle,
england.nhs.uk,health,
english-heritage.org.uk,travel_tourism,
enterprise.co.uk,travel_tourism,
eonnext.com,telco_utilities,
equalityhumanrights.com,pa,central
equifax.co.uk,banking_insurance,
espn.co.uk,news,
esure.com,banking_insurance,
eurocarparts.com,ecommerce,
eurogamer.net,media_lifestyle,
eventbrite.co.uk,media_lifestyle,
everymancinema.com,media_lifestyle,
evri.com,telco_utilities,
expedia.co.uk,travel_tourism,
experian.co.uk,banking_insurance,
expertreviews.co.uk,news,
express.co.uk,news,
faber.co.uk,publishing_education,
fantasyfootballscout.co.uk,news,
fasthosts.co.uk,telco_utilities,
fca.org.uk,pa,central
fidelity.co.uk,banking_insurance,
finance-ni.gov.uk,pa,regional
financial-ombudsman.org.uk,pa,central
firstbus.co.uk,travel_tourism,
firstdirect.com,banking_insurance,
fitzdares.com,betting_gaming,
flashscore.co.uk,news,
foodnetwork.co.uk,media_lifestyle,
football365.com,news,
footballinsider247.com,news,
footballleagueworld.co.uk,news,
forestryengland.uk,pa,central
foxtons.co.uk,real_estate,
foxybingo.com,betting_gaming,
frc.org.uk,pa,central
fscs.org.uk,pa,central
fwi.co.uk,news,
galabingo.com,betting_gaming,
galaspins.com,betting_gaming,
gamblingcommission.gov.uk,pa,central
gatwickairport.com,travel_tourism,
gbnews.com,news,
gchq.gov.uk,pa,central
gentingcasinos.co.uk,betting_gaming,
getrevising.co.uk,publishing_education,
giffgaff.com,telco_utilities,
gla.ac.uk,publishing_education,
glamourmagazine.co.uk,media_lifestyle,
glasgow.gov.uk,pa,local
globalplayer.com,media_lifestyle,
gmc-uk.org,health,
gmp.police.uk,pa,regional
gocompare.com,banking_insurance,
goodschoolsguide.co.uk,publishing_education,
gosh.nhs.uk,health,
gov.scot,pa,regional
gov.uk,pa,central
gov.wales,pa,regional
gq-magazine.co.uk,media_lifestyle,
graziadaily.co.uk,media_lifestyle,
greatbritishchefs.com,media_lifestyle,
greateranglia.co.uk,travel_tourism,
grosvenorcasinos.com,betting_gaming,
gumtree.com,ecommerce,
guysandstthomas.nhs.uk,health,
gwr.com,travel_tourism,
hachette.co.uk,publishing_education,
halfords.com,ecommerce,
halifax.co.uk,banking_insurance,
hamptons.co.uk,real_estate,
harpercollins.co.uk,publishing_education,
hastingsdirect.com,banking_insurance,
haven.com,travel_tourism,
hcahealthcare.co.uk,health,
heart.co.uk,media_lifestyle,
heartbingo.co.uk,betting_gaming,
heathrow.com,travel_tourism,
hellorayo.co.uk,media_lifestyle,
heraldscotland.com,news,
heritagefund.org.uk,pa,central
hesa.ac.uk,publishing_education,
hfea.gov.uk,pa,central
historicengland.org.uk,pa,central
historicenvironment.scot,pa,regional
historylearningsite.co.uk,publishing_education,
hl.co.uk,banking_insurance,
hobbycraft.co.uk,ecommerce,
hodder.co.uk,publishing_education,
holidayextras.com,travel_tourism,
hollandandbarrett.com,ecommerce,
home.bargains,ecommerce,
homebuilding.co.uk,real_estate,
homeswapper.co.uk,real_estate,
hoseasons.co.uk,travel_tourism,
hotukdeals.com,ecommerce,
houseoffraser.co.uk,ecommerce,
housing-ombudsman.org.uk,pa,central
houzz.co.uk,real_estate,
hrp.org.uk,travel_tourism,
hsbc.co.uk,banking_insurance,
hse.gov.uk,pa,central
hsj.co.uk,news,
huffingtonpost.co.uk,news,
hyperoptic.com,telco_utilities,
ibtimes.co.uk,news,
iceland.co.uk,ecommerce,
iclr.co.uk,publishing_education,
ico.org.uk,pa,central
idealhome.co.uk,media_lifestyle,
idmobile.co.uk,telco_utilities,
ii.co.uk,banking_insurance,
imperial.ac.uk,publishing_education,
independent.co.uk,news,
inews.co.uk,news,
inpost.co.uk,telco_utilities,
insidermedia.com,news,
ionos.co.uk,telco_utilities,
iop.org,publishing_education,
irishnews.com,news,
ispreview.co.uk,news,
itv.com,media_lifestyle,
iwm.org.uk,travel_tourism,
jackpotjoy.com,betting_gaming,
jamieoliver.com,media_lifestyle,
jdsports.co.uk,ecommerce,
jet2.com,travel_tourism,
jet2holidays.com,travel_tourism,
jewishnews.co.uk,news,
jisc.ac.uk,publishing_education,
jobs.ac.uk,publishing_education,
joe.co.uk,media_lifestyle,
johnlewis.com,ecommerce,
judiciary.uk,pa,central
just-eat.co.uk,ecommerce,
justice.gov.uk,pa,central
justiceinspectorates.gov.uk,pa,central
kcl.ac.uk,publishing_education,
kcom.com,telco_utilities,
kent.gov.uk,pa,local
kentonline.co.uk,news,
kew.org,travel_tourism,
kingsfund.org.uk,health,
knightfrank.co.uk,real_estate,
krystal.io,telco_utilities,
kwiff.com,betting_gaming,
ladbible.com,media_lifestyle,
ladbrokes.com,betting_gaming,
lawgazette.co.uk,news,
lbc.co.uk,media_lifestyle,
lebara.co.uk,telco_utilities,
leeds.ac.uk,publishing_education,
leeds.gov.uk,pa,local
legalandgeneral.com,banking_insurance,
legalombudsman.org.uk,pa,central
legislation.gov.uk,pa,central
legoland.co.uk,travel_tourism,
leovegas.co.uk,betting_gaming,
lexisnexis.co.uk,publishing_education,
lgo.org.uk,pa,central
lidl.co.uk,ecommerce,
literacytrust.org.uk,publishing_education,
littlebrown.co.uk,publishing_education,
liverpoolecho.co.uk,news,
liverpooluniversitypress.co.uk,publishing_education,
lloydsbank.com,banking_insurance,
lloydspharmacy.com,health,
llyfrgell.cymru,publishing_education,
lner.co.uk,travel_tourism,
local.gov.uk,pa,central
loganair.co.uk,travel_tourism,
london.gov.uk,pa,regional
londonstockexchange.com,banking_insurance,
lottery.co.uk,betting_gaming,
lottoland.co.uk,betting_gaming,
loveholidays.com,travel_tourism,
lqgroup.org.uk,real_estate,
lrb.co.uk,publishing_education,
lse.ac.uk,publishing_education,
lv.com,banking_insurance,
macmillan.org.uk,health,
manchester.ac.uk,publishing_education,
manchester.gov.uk,pa,local
manchesterairport.co.uk,travel_tourism,
manchestereveningnews.co.uk,news,
manchesteruniversitypress.co.uk,publishing_education,
marieclaire.co.uk,media_lifestyle,
marksandspencer.com,ecommerce,
matalan.co.uk,ecommerce,
mathsframe.co.uk,publishing_education,
mathsgenie.co.uk,publishing_education,
mbna.co.uk,banking_insurance,
meccabingo.com,betting_gaming,
medexpress.co.uk,health,
medicines.org.uk,health,
mentalhealth.org.uk,health,
met.police.uk,pa,regional
metoffice.gov.uk,pa,central
metro.co.uk,news,
metrobankonline.co.uk,banking_insurance,
mft.nhs.uk,health,
mi5.gov.uk,pa,central
midnite.com,betting_gaming,
mind.org.uk,health,
mirror.co.uk,news,
mixmag.net,media_lifestyle,
money.sainsburys.co.uk,banking_insurance,
moneyhelper.org.uk,pa,central
moneysavingexpert.com,banking_insurance,
moneysupermarket.com,telco_utilities,
moneyweek.com,banking_insurance,
monzo.com,banking_insurance,
moonpig.com,ecommerce,
morningstaronline.co.uk,news,
morrisons.com,ecommerce,
mrq.com,betting_gaming,
mumsnet.com,media_lifestyle,
mybuilder.com,real_estate,
mygov.scot,pa,regional
mytutor.co.uk,publishing_education,
myvue.com,media_lifestyle,
nao.org.uk,pa,central
nation.cymru,news,
national-lottery.co.uk,betting_gaming,
nationalarchives.gov.uk,pa,central
nationalcrimeagency.gov.uk,pa,central
nationalexpress.com,travel_tourism,
nationalgallery.org.uk,travel_tourism,
nationalgrid.co.uk,telco_utilities,
nationalhighways.co.uk,pa,central
nationalrail.co.uk,travel_tourism,
nationaltheatre.org.uk,media_lifestyle,
nationaltrust.org.uk,travel_tourism,
nationalwealthfund.org.uk,pa,central
nationwide.co.uk,banking_insurance,
nature.scot,pa,regional
natwest.com,banking_insurance,
ncsc.gov.uk,pa,central
netbet.co.uk,betting_gaming,
netmums.com,media_lifestyle,
netweather.tv,media_lifestyle,
networkrail.co.uk,travel_tourism,
news.sky.com,news,
newsletter.co.uk,news,
newsnow.co.uk,news,
newstatesman.com,news,
next.co.uk,ecommerce,
nfumutual.co.uk,banking_insurance,
nhm.ac.uk,travel_tourism,
nhs.uk,health,
nhs.wales,health,
nhsbsa.nhs.uk,health,
nhsbt.nhs.uk,health,
nhsinform.scot,health,
niassembly.gov.uk,pa,regional
nice.org.uk,health,
nidirect.gov.uk,pa,regional
nihr.ac.uk,pa,central
nisra.gov.uk,pa,regional
nls.uk,publishing_education,
nmc.org.uk,health,
nme.com,media_lifestyle,
noc.ac.uk,pa,central
northernrailway.co.uk,travel_tourism,
notino.co.uk,ecommerce,
notonthehighstreet.com,ecommerce,
nottingham.ac.uk,publishing_education,
novaramedia.com,news,
nowtv.com,media_lifestyle,
npl.co.uk,pa,central
nrla.org.uk,real_estate,
nrscotland.gov.uk,pa,regional
nsandi.com,banking_insurance,
nts.org.uk,travel_tourism,
nuffieldhealth.com,health,
numan.com,health,
nursingtimes.net,news,
nwl.co.uk,telco_utilities,
o2.co.uk,telco_utilities,
obr.uk,pa,central
ocado.com,ecommerce,
ocr.org.uk,publishing_education,
octopus.energy,telco_utilities,
odeon.co.uk,media_lifestyle,
ofcom.org.uk,pa,central
office.co.uk,ecommerce,
officeforstudents.org.uk,pa,central
officialcharts.com,media_lifestyle,
ofgem.gov.uk,pa,central
ofwat.gov.uk,pa,central
ok.co.uk,media_lifestyle,
olivemagazine.com,media_lifestyle,
ombudsman.org.uk,pa,central
onbuy.com,ecommerce,
ons.gov.uk,pa,central
onthebeach.co.uk,travel_tourism,
onthemarket.com,real_estate,
open.ac.uk,publishing_education,
openrent.co.uk,real_estate,
ordnancesurvey.co.uk,pa,central
organdonation.nhs.uk,health,
orr.gov.uk,pa,central
ouh.nhs.uk,health,
ovoenergy.com,telco_utilities,
ox.ac.uk,publishing_education,
oxforddnb.com,publishing_education,
oxfordmail.co.uk,news,
oxfordowl.co.uk,publishing_education,
paddypower.com,betting_gaming,
panmacmillan.com,publishing_education,
parcel2go.com,telco_utilities,
parcelforce.com,telco_utilities,
parimatch.co.uk,betting_gaming,
parkers.co.uk,news,
parliament.scot,pa,regional
parliament.uk,pa,central
patient.info,health,
peabody.org.uk,real_estate,
pen-and-sword.co.uk,publishing_education,
penguin.co.uk,publishing_education,
persimmonhomes.com,real_estate,
petplan.co.uk,banking_insurance,
petsathome.com,ecommerce,
pharmacy2u.co.uk,health,
pharmacyregulation.org,health,
physicsandmathstutor.com,publishing_education,
picturehouses.com,media_lifestyle,
pinkcasino.co.uk,betting_gaming,
placesforpeople.co.uk,real_estate,
planetfootball.com,news,
plus.net,telco_utilities,
pokerstars.uk,betting_gaming,
police.uk,pa,central
politics.co.uk,news,
politicshome.com,news,
portsmouth.co.uk,news,
postcodelottery.co.uk,betting_gaming,
postoffice.co.uk,telco_utilities,
pressandjournal.co.uk,news,
pressgazette.co.uk,news,
prettylittlething.com,ecommerce,
primelocation.com,real_estate,
private-eye.co.uk,news,
proactiveinvestors.co.uk,news,
prolificnorth.co.uk,news,
prospectmagazine.co.uk,news,
prospects.ac.uk,publishing_education,
psni.police.uk,pa,regional
psr.org.uk,pa,central
pulsetoday.co.uk,news,
purplebricks.co.uk,real_estate,
pushsquare.com,media_lifestyle,
qaa.ac.uk,pa,central
qub.ac.uk,publishing_education,
quinnbet.com,betting_gaming,
rac.co.uk,travel_tourism,
racingpost.com,news,
radiotimes.com,media_lifestyle,
radiox.co.uk,media_lifestyle,
ramsayhealth.co.uk,health,
ratedpeople.com,real_estate,
rbs.co.uk,banking_insurance,
rcgp.org.uk,health,
rcn.org.uk,health,
rcplondon.ac.uk,health,
rct.uk,travel_tourism,
readingagency.org.uk,publishing_education,
realtimetrains.co.uk,travel_tourism,
redrow.co.uk,real_estate,
reportfraud.police.uk,pa,central
retailgazette.co.uk,news,
revenue.scot,pa,regional
rhs.org.uk,travel_tourism,
rightmove.co.uk,real_estate,
robertdyas.co.uk,ecommerce,
rockpapershotgun.com,media_lifestyle,
royal.uk,pa,central
royallondon.com,banking_insurance,
royalmail.com,telco_utilities,
royalsociety.org,publishing_education,
rsc.org,publishing_education,
ruck.co.uk,news,
russellgroup.ac.uk,publishing_education,
saga.co.uk,banking_insurance,
sainsburys.co.uk,ecommerce,
samaritans.org,health,
santander.co.uk,banking_insurance,
savemyexams.com,publishing_education,
savills.co.uk,real_estate,
sbcnews.co.uk,betting_gaming,
scholastic.co.uk,publishing_education,
schoolsweek.co.uk,publishing_education,
schuh.co.uk,ecommerce,
sciencemuseum.org.uk,travel_tourism,
scoop6.co.uk,betting_gaming,
scot.nhs.uk,health,
scotcourts.gov.uk,pa,regional
scotland.police.uk,pa,regional
scotlandspeople.gov.uk,pa,regional
scotrail.co.uk,travel_tourism,
scotsman.com,news,
scottishpower.co.uk,telco_utilities,
scottishwater.co.uk,telco_utilities,
scottishwidows.co.uk,banking_insurance,
screwfix.com,ecommerce,
senedd.wales,pa,regional
sentencingcouncil.org.uk,pa,central
sepa.org.uk,pa,regional
sephora.co.uk,ecommerce,
severntrent.com,telco_utilities,
sgn.co.uk,telco_utilities,
sheffield.ac.uk,publishing_education,
shein.co.uk,ecommerce,
showcasecinemas.co.uk,media_lifestyle,
silicon.co.uk,news,
simonandschuster.co.uk,publishing_education,
simplybusiness.co.uk,banking_insurance,
sis.gov.uk,pa,central
size.co.uk,ecommerce,
skiddle.com,media_lifestyle,
skipton.co.uk,banking_insurance,
sky.com,media_lifestyle,
skybet.com,betting_gaming,
skysports.com,news,
smarty.co.uk,telco_utilities,
smoothradio.com,media_lifestyle,
smythstoys.com,ecommerce,
so.energy,telco_utilities,
southampton.ac.uk,publishing_education,
southbankcentre.co.uk,media_lifestyle,
southeasternrailway.co.uk,travel_tourism,
southernwater.co.uk,telco_utilities,
southwestwater.co.uk,telco_utilities,
spareroom.co.uk,real_estate,
specsavers.co.uk,health,
spirehealthcare.com,health,
sportengland.org,pa,central
sportingindex.com,betting_gaming,
sportinglife.com,news,
sportsdirect.com,ecommerce,
sportsmole.co.uk,news,
spreadex.com,betting_gaming,
sqa.org.uk,publishing_education,
sra.org.uk,pa,central
ssen.co.uk,telco_utilities,
st-andrews.ac.uk,publishing_education,
stagecoachbus.com,travel_tourism,
standard.co.uk,news,
standardlife.co.uk,banking_insurance,
stanstedairport.com,travel_tourism,
starlingbank.com,banking_insurance,
starsports.bet,betting_gaming,
struttandparker.com,real_estate,
studysmarter.co.uk,publishing_education,
stuff.tv,news,
stwater.co.uk,telco_utilities,
stylist.co.uk,media_lifestyle,
sunbingo.co.uk,betting_gaming,
superdrug.com,ecommerce,
superprof.co.uk,publishing_education,
supremecourt.uk,pa,central
sykescottages.co.uk,travel_tourism,
talksport.com,media_lifestyle,
talktalk.co.uk,telco_utilities,
tate.org.uk,travel_tourism,
taylorwimpey.co.uk,real_estate,
teamtalk.com,news,
techround.co.uk,news,
telegraph.co.uk,news,
tesco.com,ecommerce,
tescobank.com,banking_insurance,
tescomobile.com,telco_utilities,
tfl.gov.uk,travel_tourism,
thameswater.co.uk,telco_utilities,
the-tls.com,publishing_education,
theaa.com,travel_tourism,
theargus.co.uk,news,
thebritishacademy.ac.uk,publishing_education,
thebusinessdesk.com,news,
thecanary.co,news,
theccc.org.uk,pa,central
thecompleteuniversityguide.co.uk,publishing_education,
thecourier.co.uk,news,
thecricketer.com,news,
thecritic.co.uk,news,
thegrocer.co.uk,news,
thehistorypress.co.uk,publishing_education,
theindependentpharmacy.co.uk,health,
thejc.com,news,
thenewworld.co.uk,news,
thenorthernecho.co.uk,news,
theo2.co.uk,media_lifestyle,
thepensionsregulator.gov.uk,pa,central
thepinknews.com,news,
thepools.com,betting_gaming,
therange.co.uk,ecommerce,
theregister.com,news,
thestage.co.uk,news,
thestar.co.uk,news,
thestudentroom.co.uk,publishing_education,
thesun.co.uk,news,
thetimes.com,news,
theuniguide.co.uk,publishing_education,
thisismoney.co.uk,banking_insurance,
three.co.uk,telco_utilities,
ticketmaster.co.uk,media_lifestyle,
tnlcommunityfund.org.uk,pa,central
tntsports.co.uk,news,
tombola.co.uk,betting_gaming,
toolstation.com,ecommerce,
topcashback.co.uk,ecommerce,
topmarks.co.uk,publishing_education,
tote.co.uk,betting_gaming,
transfermarkt.co.uk,news,
translink.co.uk,travel_tourism,
transport.gov.scot,pa,regional
travelodge.co.uk,travel_tourism,
travelsupermarket.com,travel_tourism,
tripadvisor.co.uk,travel_tourism,
trustedreviews.com,news,
tsb.co.uk,banking_insurance,
tui.co.uk,travel_tourism,
turing.ac.uk,pa,central
tvguide.co.uk,media_lifestyle,
tvlicensing.co.uk,pa,central
twinkl.co.uk,publishing_education,
ucas.com,publishing_education,
ucl.ac.uk,publishing_education,
uclh.nhs.uk,health,
uclpress.co.uk,publishing_education,
uk.webuy.com,ecommerce,
uk.yahoo.com,media_lifestyle,
ukdefencejournal.org.uk,news,
ukexportfinance.gov.uk,pa,central
ukpowernetworks.co.uk,telco_utilities,
ukri.org,pa,central
uksport.gov.uk,pa,central
uktech.news,news,
ulsterbank.co.uk,banking_insurance,
unbound.co.uk,publishing_education,
unherd.com,news,
unibet.co.uk,betting_gaming,
unilad.com,media_lifestyle,
unitedutilities.com,telco_utilities,
universitiesuk.ac.uk,publishing_education,
uswitch.com,telco_utilities,
utilita.co.uk,telco_utilities,
vam.ac.uk,travel_tourism,
vanguardinvestor.co.uk,banking_insurance,
very.co.uk,ecommerce,
vg247.com,media_lifestyle,
vinted.co.uk,ecommerce,
virginbet.com,betting_gaming,
virginmedia.com,telco_utilities,
virginmoney.com,banking_insurance,
visitbritain.com,travel_tourism,
visitengland.com,travel_tourism,
visitlondon.com,travel_tourism,
visitscotland.com,travel_tourism,
visitwales.com,travel_tourism,
vitality.co.uk,banking_insurance,
vivastreet.co.uk,ecommerce,
vodafone.co.uk,telco_utilities,
vogue.co.uk,media_lifestyle,
vouchercodes.co.uk,ecommerce,
voxi.co.uk,telco_utilities,
waitrose.com,ecommerce,
walesonline.co.uk,news,
walker.co.uk,publishing_education,
warwick.ac.uk,publishing_education,
waterstones.com,ecommerce,
wayfair.co.uk,ecommerce,
wbstudiotour.co.uk,travel_tourism,
weatheronline.co.uk,media_lifestyle,
webuyanycar.com,ecommerce,
wessexwater.co.uk,telco_utilities,
whatcar.com,news,
whatuni.com,publishing_education,
which.co.uk,ecommerce,
whichbingo.co.uk,betting_gaming,
wickes.co.uk,ecommerce,
williamhill.com,betting_gaming,
winkworth.co.uk,real_estate,
wjec.co.uk,publishing_education,
wowcher.co.uk,ecommerce,
xcweather.co.uk,media_lifestyle,
yalebooks.co.uk,publishing_education,
ybs.co.uk,banking_insurance,
yha.org.uk,travel_tourism,
yodel.co.uk,telco_utilities,
yopa.co.uk,real_estate,
yorkshirepost.co.uk,news,
yorkshirewater.com,telco_utilities,
youngminds.org.uk,health,
your-move.co.uk,real_estate,
zalando.co.uk,ecommerce,
zen.co.uk,telco_utilities,
zoopla.co.uk,real_estate,
zopa.com,banking_insurance,
zsl.org,travel_tourism,
zurich.co.uk,banking_insurance,
asos.com,ecommerce,
boden.com,ecommerce,
riverisland.com,ecommerce,
whitestuff.com,ecommerce,
newlook.com,ecommerce,
mandmdirect.com,ecommerce,
tkmaxx.com,ecommerce,
lookfantastic.com,ecommerce,
selfridges.com,ecommerce,
clearpay.com,banking_insurance,
group.mandg.com,banking_insurance,
personalinvesting.jpmorgan.com,banking_insurance,
womanandhome.com,media_lifestyle,
premierinn.com,travel_tourism,
skyscanner.net,travel_tourism,
megabus.com,travel_tourism,
spectator.com,news,
oddschecker.com,betting_gaming,
